b;Kołnierz pojedyńczy  EDW 1000;55x78;188.62
b;Kołnierz pojedyńczy  EDW 1000;66x118;231.71
b;Kołnierz pojedyńczy  EDW 1000;66x140;241.46
b;Kołnierz pojedyńczy  EDW 1000;78x98;229.27
b;Kołnierz pojedyńczy  EDW 1000;78x118;241.46
b;Kołnierz pojedyńczy  EDW 1000;78x140;263.41
b;Kołnierz pojedyńczy  EDW 1000;78x160;291.87
b;Kołnierz pojedyńczy  EDW 1000;94x140;282.11
b;Kołnierz pojedyńczy  EDW 1000;114x140;345.53
b;Kołnierz KOMBI zestaw 2 okna  EKW 1021;55x78;464.23
b;Kołnierz KOMBI zestaw 2 okna  EKW 1021;66x118;533.33
b;Kołnierz KOMBI zestaw 2 okna  EKW 1021;66x140;548.78
b;Kołnierz KOMBI zestaw 2 okna  EKW 1021;78x98;529.27
b;Kołnierz KOMBI zestaw 2 okna  EKW 1021;78x118;548.78
b;Kołnierz KOMBI zestaw 2 okna  EKW 1021;78x140;583.74
b;Kołnierz KOMBI zestaw 2 okna  EKW 1021;78x160;629.27
b;Kołnierz KOMBI zestaw 2 okna  EKW 1021;94x140;613.82
b;Kołnierz KOMBI zestaw 2 okna  EKW 1021;114x140;715.45
